John,Barr,JohnBarr,69,false,true,true,Customer1234
Harrison,Kesel,HarrisonKesel,-1,false,false,false,Customer1234
Benjamin,Klopcic,BenjaminKlopcic,-1,false,false,false,Customer1234
David,Marcella,DavidMarcella,-1,false,false,false,Customer1234
Harrison,Margalotti,HarrisonMargalotti,-1,false,false,false,Customer1234
Vasil,Markov,VasilMarkov,-1,false,false,false,Customer1234
Joseph,Menduni,JosephMenduni,-1,false,false,false,Customer1234
Javaughn,Miller,JavaughnMiller,-1,false,false,false,Customer1234
Kevin,Pomer,KevinPomer,-1,false,false,false,Customer1234
Paul,Regan,PaulRegan,-1,false,false,false,Customer1234
Gerry,Roth,GerryRoth,-1,false,false,false,Customer1234
Paul,Short,PaulShort,-1,false,false,false,Customer1234
Conor,Steel,ConorSteel,-1,false,false,false,Customer1234
Elijah,Wennberg,ElijahWennberg,-1,false,false,false,Customer1234
Bryce,Wheeler,BryceWheeler,-1,false,false,false,Customer1234
