1,Manager,Afolabi,Samuel,safolabi,Password4321,false,true,false
2,Concierge,Akimchuk,Daniel,dakimchuk,Password4321,false,true,false
2,Concierge,Barreto,Fernando,fbarreto,Password4321,false,true,false
3,Front Desk Associate,Dickson,Paul,pdickson,Password4321,false,true,false
3,Front Desk Associate,Brown-McMillin,Benjamin,bbrownmcmillin,Password4321,false,true,false
4,Event Planner,Burger,Jonathan,jburger1,Password4321,false,true,false
4,Event Planner,O'Grady,Megan,mogrady,Password4321,false,true,false
5,Room Attendent,Desmery,Martin,mdesmery,Password4321,false,true,false
5,Room Attendent,Dragon,Toby,tdragon,Password4321,false,true,false
6,Housekeeping,Fullerton,Denise,dfullerton,Password4321,false,true,false
6,Housekeeping,Gable,Alexander,agable,Password4321,false,true,false
7,Spa Attendant,Garelli,Colton,cgarelli,Password4321,false,true,false
7,Spa Attendant,Hamula,Benjamin,bhamula1,Password4321,false,true,false
8,Reservations Agent,Stansfield,Sharon,sstansfield,Password4321,false,true,false
8,Reservations Agent,Junker,Eric,ejunker,Password4321,false,true,false
9,Tech Support,Keith,Bradley,bkeith,Password4321,true,true,false
9,Tech Support,Kimmich Mitchell,Mia,ekimmichmitchell,Password4321,false,true,false
